University,Department,Name,Position,Link,Email,Research Focus,Profile_link
Stanford,Engineering,Monther Abu-Remaileh,Assistant Professor of Chemical Engineering and of Genetics,https://engineering.stanford.edu/people/monther-abu-remaileh,,,
Stanford,Engineering,Sara Achour,Assistant Professor of Computer Science and of Electrical Engineering,https://engineering.stanford.edu/people/sara-achour,,,
Stanford,Engineering,Maneesh Agrawala,"Forest Baskett Professor and Professor, by courtesy, of Electrical Engineering",https://engineering.stanford.edu/people/maneesh-agrawala,,,
Stanford,Engineering,Alex Aiken,Alcatel-Lucent Professor of Communications and Networking and Professor of Particle Physics and Astrophysics,https://engineering.stanford.edu/people/alex-aiken,,,
Stanford,Engineering,Juan Alonso,Vance D. and Arlene C. Coffman Professor and the James and Anna Marie Spilker Chair of the Department of Aeronautics and Astronautics,https://engineering.stanford.edu/people/juan-alonso,,,
Stanford,Engineering,Russ B. Altman,"Kenneth Fong Professor and Professor of Bioengineering, of Genetics, of Medicine, of Biomedical Data Science, and Senior Fellow at the Stanford Institute for HAI",https://engineering.stanford.edu/people/russ-altman,,,
Stanford,Engineering,Nima Anari,Assistant Professor of Computer Science,https://engineering.stanford.edu/people/nima-anari,,,
Stanford,Engineering,Eric Appel,"Associate Professor of Materials Science and Engineering, Senior Fellow at the Woods Institute for the Environment and Associate Professor, by courtesy, of Pediatrics (Endocrinology) and of Bioengineering",https://engineering.stanford.edu/people/eric-appel,,,
Stanford,Engineering,Amin Arbabian,Associate Professor of Electrical Engineering,https://engineering.stanford.edu/people/amin-arbabian,,,
Stanford,Engineering,Manan Arya,Assistant Professor of Aeronautics and Astronautics,https://engineering.stanford.edu/people/manan-arya,,,
Stanford,Engineering,Itai Ashlagi,Professor of Management Science and Engineering and Senior Fellow at the Stanford Institute for Economic Policy Research,https://engineering.stanford.edu/people/itai-ashlagi,,,
Stanford,Engineering,Jack Baker,Associate Dean for Faculty Affairs and Professor of Civil and Environmental Engineering,https://engineering.stanford.edu/people/jack-baker,,,
Stanford,Engineering,Nicholas Bambos,Richard W. Weiland Professor in the School of Engineering and Professor of Electrical Engineering,https://engineering.stanford.edu/people/nicholas-bambos,,,
Stanford,Engineering,Zhenan Bao,"K. K. Lee Professor and Professor, by courtesy, of Materials Science and Engineering and of Chemistry",https://engineering.stanford.edu/people/zhenan-bao,,,
Stanford,Engineering,Clark Barrett,Professor (Research) of Computer Science,https://engineering.stanford.edu/people/clark-barrett,,,
Stanford,Engineering,Annelise E. Barron,Associate Professor of Bioengineering,https://engineering.stanford.edu/people/annelise-barron,,,
Stanford,Engineering,David Beach,"Professor (Teaching) of Mechanical Engineering, Emeritus",https://engineering.stanford.edu/people/david-beach,,,
Stanford,Engineering,Gill Bejerano,"Professor of Developmental Biology, of Computer Science, of Pediatrics (Genetics) and of Biomedical Data Science",https://engineering.stanford.edu/people/gill-bejerano,,,
Stanford,Engineering,Stacey Bent,"Vice Provost, Graduate Education & Postdoc Affairs, Jagdeep & Roshni Singh Professor in the School of Engineering, Professor of Energy Science and Engineering and, by courtesy, of Electrical Eng, Materials Sci Eng & Chemistry",https://engineering.stanford.edu/people/stacey-bent,,,
Stanford,Engineering,Michael Bernstein,Associate Professor of Computer Science,https://engineering.stanford.edu/people/michael-bernstein,,,
Stanford,Engineering,Sarah Billington,UPS Foundation Professor and Senior Fellow at the Woods Institute for the Environment,https://engineering.stanford.edu/people/sarah-billington,,,
Stanford,Engineering,Lacramioara Bintu,Assistant Professor of Bioengineering,https://engineering.stanford.edu/people/lacramioara-bintu,,,
Stanford,Engineering,Jose H. Blanchet,Professor of Management Science and Engineering,https://engineering.stanford.edu/people/jose-blanchet,,,
Stanford,Engineering,Kwabena Boahen,Professor of Bioengineering and of Electrical Engineering,https://engineering.stanford.edu/people/kwabena-boahen,,,
Stanford,Engineering,Alexandria Boehm,"Richard and Rhoda Goldman Professor of Environmental Studies, Professor of Oceans and Senior Fellow at the Woods Institute for the Environment",https://engineering.stanford.edu/people/alexandria-boehm,,,
Stanford,Engineering,Jeannette Bohg,Assistant Professor of Computer Science,https://engineering.stanford.edu/people/jeannette-bohg,,,
Stanford,Engineering,Dan Boneh,"Cryptography Professor, Professor of Electrical Engineering and Senior Fellow at the Freeman Spogli Institute for International Studies",https://engineering.stanford.edu/people/dan-boneh,,,
Stanford,Engineering,Ronaldo Borja,Professor of Civil and Environmental Engineering,https://engineering.stanford.edu/people/ronaldo-borja,,,
Stanford,Engineering,Adam Bouland,Assistant Professor of Computer Science,https://engineering.stanford.edu/people/adam-bouland,,,
Stanford,Engineering,Tom Bowman,"Professor of Mechanical Engineering, Emeritus",https://engineering.stanford.edu/people/craig-bowman,,,
Stanford,Engineering,Stephen Boyd,Samsung Professor in the School of Engineering,https://engineering.stanford.edu/people/stephen-boyd,,,
Stanford,Engineering,Margaret Brandeau,"Coleman F. Fung Professor in the School of Engineering and Professor, by courtesy, of Health Policy",https://engineering.stanford.edu/people/margaret-brandeau,,,
Stanford,Engineering,Mark Brongersma,"Stephen Harris Professor, Professor of Materials Science and Engineering and, by courtesy, of Applied Physics",https://engineering.stanford.edu/people/mark-brongersma,,,
Stanford,Engineering,Jenn Brophy,Assistant Professor of Bioengineering,https://engineering.stanford.edu/people/jennifer-brophy,,,
Stanford,Engineering,Emma Brunskill,"Associate Professor of Computer Science and, by courtesy, of Education",https://engineering.stanford.edu/people/emma-brunskill,,,
Stanford,Engineering,Zev Bryant,"Associate Professor of Bioengineering and, by courtesy, of Structural Biology",https://engineering.stanford.edu/people/zev-bryant,,,
Stanford,Engineering,Thomas Byers,Entrepreneurship Professor in the School of Engineering,https://engineering.stanford.edu/people/tom-byers,,,
Stanford,Engineering,Wei Cai,"Professor of Mechanical Engineering and, by courtesy, of Materials Science and Engineering",https://engineering.stanford.edu/people/wei-cai,,,
Stanford,Engineering,David Camarillo,"Associate Professor of Bioengineering and, by courtesy, of Neurosurgery and of Mechanical Engineering",https://engineering.stanford.edu/people/david-camarillo,,,
Stanford,Engineering,Mark A. Cappelli,Professor of Mechanical Engineering,https://engineering.stanford.edu/people/mark-cappelli,,,
Stanford,Engineering,Matteo Cargnello,Associate Professor of Chemical Engineering,https://engineering.stanford.edu/people/matteo-cargnello,,,
Stanford,Engineering,Fu-Kuo Chang,Professor of Aeronautics and Astronautics,https://engineering.stanford.edu/people/fu-kuo-chang,,,
Stanford,Engineering,Moses Charikar,"Donald E. Knuth Professor and Professor, by courtesy, of Mathematics",https://engineering.stanford.edu/people/moses-charikar,,,
Stanford,Engineering,Ovijit Chaudhuri,"Associate Professor of Mechanical Engineering and, by courtesy, of Bioengineering",https://engineering.stanford.edu/people/ovijit-chaudhuri,,,
Stanford,Engineering,Wah Chiu,Wallenberg-Bienenstock Professor and Professor of Bioengineering and of Microbiology and Immunology,https://engineering.stanford.edu/people/wah-chiu,,,
Stanford,Engineering,Srabanti Chowdhury,"Associate Professor of Electrical Engineering, Senior Fellow at the Precourt Institute for Energy and Associate Professor, by courtesy, of Materials Science and Engineering",https://engineering.stanford.edu/people/srabanti-chowdhury,,,
Stanford,Engineering,William Chueh,"Associate Professor of Materials Science and Engineering, of Energy Science and Engineering, of Photon Science, and Senior Fellow at the Precourt Institute for Energy",https://engineering.stanford.edu/people/william-chueh,,,
Stanford,Engineering,Jennifer R. Cochran,"Senior Associate Vice Provost for Research, Addie and Al Macovski Professor and Professor of Bioengineering",https://engineering.stanford.edu/people/jennifer-cochran,,,
Stanford,Engineering,Todd Coleman,"Associate Professor of Bioengineering and, by courtesy, of Electrical Engineering",https://engineering.stanford.edu/people/todd-coleman,,,
Stanford,Engineering,Steven Hartley Collins,"Associate Professor of Mechanical Engineering and, by courtesy, of Bioengineering",https://engineering.stanford.edu/people/steve-collins,,,
Stanford,Engineering,Daniel Norbert Congreve,Assistant Professor of Electrical Engineering,https://engineering.stanford.edu/people/dan-congreve,,,
Stanford,Engineering,Markus Covert,"Shriram Chair of the Department of Bioengineering, Professor of Bioengineering and, by courtesy, of Chemical and Systems Biology",https://engineering.stanford.edu/people/markus-covert,,,
Stanford,Engineering,Craig Criddle,"Professor of Civil and Environmental Engineering, Emeritus",https://engineering.stanford.edu/people/craig-criddle,,,
Stanford,Engineering,Yi Cui,"Fortinet Founders Professor, Professor of Materials Science and Engineering, of Energy Science and Engineering, of Photon Science, Senior Fellow at Woods and Professor, by courtesy, of Chemistry",https://engineering.stanford.edu/people/yi-cui,,,
Stanford,Engineering,Mark Cutkosky,Fletcher Jones Professor in the School of Engineering,https://engineering.stanford.edu/people/mark-cutkosky,,,
Stanford,Engineering,Simone D'Amico,"Associate Professor of Aeronautics and Astronautics and, by courtesy, of Geophysics",https://engineering.stanford.edu/people/simone-damico,,,
Stanford,Engineering,Eric Darve,Professor of Mechanical Engineering,https://engineering.stanford.edu/people/eric-darve,,,
Stanford,Engineering,Reinhold Dauskardt,Ruth G. and William K. Bowes Professor in the School of Engineering,https://engineering.stanford.edu/people/reinhold-dauskardt,,,
Stanford,Engineering,Jenna Davis,"Associate Dean for Integrative Initiatives in Institutes and International Partnerships, Professor of Civil and Environmental Engineering, at the Stanford Doerr School of Sustainability and Higgins-Magid Senior Fellow at the Woods Institute",https://engineering.stanford.edu/people/jenna-davis,,,
Stanford,Engineering,Gregory Deierlein,John A. Blume Professor in the School of Engineering,https://engineering.stanford.edu/people/gregory-deierlein,,,
Stanford,Engineering,"Scott L. Delp, Ph.D.","Director, Wu Tsai Human Performance Alliance at Stanford, James H. Clark Professor in the School of Engineering, Professor of Bioengineering, of Mechanical Engineering and, by courtesy, of Orthopaedic Surgery",https://engineering.stanford.edu/people/scott-delp,,,
Stanford,Engineering,Jennifer Dionne,Professor of Materials Science and Engineering,https://engineering.stanford.edu/people/jennifer-dionne,,,
Stanford,Engineering,Persis Drell,"Provost, Emerita, James and Anna Marie Spilker Professor, Professor of Materials Science and Engineering and of Physics",https://engineering.stanford.edu/people/persis-drell,,,
Stanford,Engineering,Leora Dresselhaus-Marais,"Assistant Professor of Materials Science and Engineering, of Photon Science and, by courtesy, of Mechanical Engineering",https://engineering.stanford.edu/people/leora-dresselhaus-marais,,,
Stanford,Engineering,Ron Dror,"Cheriton Family Professor and Professor, by courtesy, of Structural Biology and of Molecular & Cellular Physiology",https://engineering.stanford.edu/people/ron-dror,,,
Stanford,Engineering,John Duchi,"Associate Professor of Statistics, of Electrical Engineering and, by courtesy, of Computer Science",https://engineering.stanford.edu/people/john-duchi,,,
Stanford,Engineering,Alexander Dunn,Professor of Chemical Engineering,https://engineering.stanford.edu/people/alexander-dunn,,,
Stanford,Engineering,Zakir Durumeric,Assistant Professor of Computer Science,https://engineering.stanford.edu/people/zakir-durumeric,,,
Stanford,Engineering,Christopher Edwards,"Professor of Mechanical Engineering, Emeritus",https://engineering.stanford.edu/people/chris-edwards,,,
Stanford,Engineering,Matthew R. Edwards,Assistant Professor of Mechanical Engineering,https://engineering.stanford.edu/people/matthew-edwards,,,
Stanford,Engineering,Charles (Chuck) Eesley,Associate Professor of Management Science and Engineering,https://engineering.stanford.edu/people/charles-eesley,,,
Stanford,Engineering,Kathleen Eisenhardt,"Stanford W. Ascherman, M.D. Professor in the School of Engineering",https://engineering.stanford.edu/people/kathleen-eisenhardt,,,
Stanford,Engineering,Abbas El Gamal,Hitachi America Professor in the School of Engineering,https://engineering.stanford.edu/people/abbas-el-gamal,,,
Stanford,Engineering,Sigrid Elschot,Associate Professor of Aeronautics and Astronautics,https://engineering.stanford.edu/people/sigrid-elschot,,,
Stanford,Engineering,Drew Endy,"Associate Professor of Bioengineering and Senior Fellow, by courtesy, at the Hoover Institution and at the Freeman Spogli Institute for International Studies",https://engineering.stanford.edu/people/drew-endy,,,
Stanford,Engineering,Dawson Engler,Associate Professor of Computer Science and of Electrical Engineering,https://engineering.stanford.edu/people/dawson-engler,,,
Stanford,Engineering,Stefano Ermon,Associate Professor of Computer Science and Senior Fellow at the Woods Institute for the Environment,https://engineering.stanford.edu/people/stefano-ermon,,,
Stanford,Engineering,Jonathan Fan,Associate Professor of Electrical Engineering,https://engineering.stanford.edu/people/jonathan-fan,,,
Stanford,Engineering,Shanhui Fan,"Joseph and Hon Mai Goodman Professor of the School of Engineering and Professor, by courtesy, of Applied Physics",https://engineering.stanford.edu/people/shanhui-fan,,,
Stanford,Engineering,Charbel Farhat,Vivian Church Hoff Professor of Aircraft Structures and Professor of Aeronautics and Astronautics,https://engineering.stanford.edu/people/charbel-farhat,,,
Stanford,Engineering,Kayvon Fatahalian,Associate Professor of Computer Science,https://engineering.stanford.edu/people/kayvon-fatahalian,,,
Stanford,Engineering,Ron Fedkiw,Canon Professor in the School of Engineering,https://engineering.stanford.edu/people/ron-fedkiw,,,
Stanford,Engineering,Chelsea Finn,Assistant Professor of Computer Science and of Electrical Engineering,https://engineering.stanford.edu/people/chelsea-finn,,,
Stanford,Engineering,Michael Fischbach,Liu (Liao) Family Professor,https://engineering.stanford.edu/people/michael-fischbach,,,
Stanford,Engineering,Martin Fischer,Kumagai Professor in the School of Engineering,https://engineering.stanford.edu/people/martin-fischer,,,
Stanford,Engineering,Sarah Fletcher,Assistant Professor of Civil and Environmental Engineering and Center Fellow at the Woods Institute for the Environment,https://engineering.stanford.edu/people/sarah-fletcher,,,
Stanford,Engineering,Sean Follmer,"Associate Professor of Mechanical Engineering and, by courtesy, of Computer Science",https://engineering.stanford.edu/people/sean-follmer,,,
Stanford,Engineering,David Freyberg,"Associate Professor of Civil and Environmental Engineering, Emeritus",https://engineering.stanford.edu/people/david-freyberg,,,
Stanford,Engineering,Oliver Fringer,Professor of Civil and Environmental Engineering and of Oceans,https://engineering.stanford.edu/people/oliver-fringer,,,
Stanford,Engineering,Gerald Fuller,Fletcher Jones Professor in the School of Engineering,https://engineering.stanford.edu/people/gerald-fuller,,,
Stanford,Engineering,Grace Gao,"Assistant Professor of Aeronautics and Astronautics and, by courtesy, of Electrical Engineering",https://engineering.stanford.edu/people/grace-gao,,,
Stanford,Engineering,Xiaojing Gao,Assistant Professor of Chemical Engineering,https://engineering.stanford.edu/people/xiaojing-gao,,,
Stanford,Engineering,Matthias Garten,Assistant Professor of Microbiology and of Bioengineering,https://engineering.stanford.edu/people/matthias-garten,,,
Stanford,Engineering,Michael Genesereth,Associate Professor of Computer Science,https://engineering.stanford.edu/people/michael-genesereth,,,
Stanford,Engineering,Margot Gerritsen,"Professor of Energy Resources Engineering, Emerita",https://engineering.stanford.edu/people/margot-gerritsen,,,
Stanford,Engineering,Kay Giesecke,Professor of Management Science and Engineering,https://engineering.stanford.edu/people/kay-giesecke,,,
Stanford,Engineering,Bernd Girod,"Robert L. and Audrey S. Hancock Professor in the School of Engineering, Emeritus",https://engineering.stanford.edu/people/bernd-girod,,,
Stanford,Engineering,Peter Glynn,"Thomas W. Ford Professor in the School of Engineering and Professor, by courtesy, of Electrical Engineering",https://engineering.stanford.edu/people/peter-glynn,,,
Stanford,Engineering,Ashish Goel,"Professor of Management Science and Engineering and, by courtesy, of Computer Science",https://engineering.stanford.edu/people/ashish-goel,,,
Stanford,Engineering,Noah Goodman,"Associate Professor of Psychology, of Computer Science and, by courtesy, of Linguistics",https://engineering.stanford.edu/people/noah-goodman,,,
Stanford,Engineering,Kenneth Goodson,"Senior Associate Dean for Faculty and Academic Affairs, Davies Family Provostial Professor, and Professor, by courtesy, of Materials Science and Engineering",https://engineering.stanford.edu/people/kenneth-goodson,,,
Stanford,Engineering,Catherine Gorle,"Associate Professor of Civil and Environmental Engineering and, by courtesy, of Mechanical Engineering",https://engineering.stanford.edu/people/catherine-gorle,,,
Stanford,Engineering,Wendy Gu,"Assistant Professor of Mechanical Engineering and, by courtesy, of Materials Science and Engineering",https://engineering.stanford.edu/people/wendy-gu,,,
Stanford,Engineering,Carlos Ernesto Guestrin,Professor of Computer Science,https://engineering.stanford.edu/people/carlos-guestrin,,,
Stanford,Engineering,Leonidas Guibas,"Paul Pigott Professor of Engineering and Professor, by courtesy, of Electrical Engineering",https://engineering.stanford.edu/people/leonidas-guibas,,,
Stanford,Engineering,Pat Hanrahan,"Canon Professor in the School of Engineering and Professor of Electrical Engineering, Emeritus",https://engineering.stanford.edu/people/pat-hanrahan,,,
Stanford,Engineering,Ronald Hanson,Clarence J. and Patricia R. Woodard Professor of Mechanical Engineering,https://engineering.stanford.edu/people/ronald-hanson,,,
Stanford,Engineering,Kentaro Hara,Assistant Professor of Aeronautics and Astronautics,https://engineering.stanford.edu/people/ken-hara,,,
Stanford,Engineering,Tatsunori Hashimoto,Assistant Professor of Computer Science,https://engineering.stanford.edu/people/tatsunori-hashimoto,,,
Stanford,Engineering,Sarah Heilshorn,"Director, Geballe Laboratory for Advanced Materials (GLAM), Professor of Materials Science and Engineering and, by courtesy, of Bioengineering and of Chemical Engineering",https://engineering.stanford.edu/people/sarah-heilshorn,,,
Stanford,Engineering,John Hennessy,"President Emeritus, Shriram Family Director of the Knight-Hennessy Scholars Program, James F. and Mary Lynn Gibbons Professor and Professor of Electrical Engineering and of Computer Science",https://engineering.stanford.edu/people/john-hennessy,,,
Stanford,Engineering,Rogelio A. Hernández-López,Assistant Professor of Bioengineering and of Genetics,https://engineering.stanford.edu/people/rogelio-hernandez-lopez,,,
Stanford,Engineering,Lambertus Hesselink,"Professor of Electrical Engineering and, by courtesy of Applied Physics",https://engineering.stanford.edu/people/lambertus-hesselink,,,
Stanford,Engineering,Lynn Hildemann,Senior Associate Dean for Education and Professor of Civil and Environmental Engineering,https://engineering.stanford.edu/people/lynn-hildemann,,,
Stanford,Engineering,Pamela Hinds,"Rodney H. Adams Professor in the School of Engineering, Fortinet Founders Chair of the Department of Management Science and Engineering and Professor of Management Science and Engineering",https://engineering.stanford.edu/people/pamela-hinds,,,
Stanford,Engineering,Guosong Hong,Assistant Professor of Materials Science and Engineering,https://engineering.stanford.edu/people/guosong-hong,,,
Stanford,Engineering,Mark Horowitz,"Fortinet Founders Chair of the Department of Electrical Engineering , Yahoo! Founders Professor in the School of Engineering and Professor of Computer Science",https://engineering.stanford.edu/people/mark-horowitz,,,
Stanford,Engineering,Roger Howe,"William E. Ayer Professor of Electrical Engineering, Emeritus",https://engineering.stanford.edu/people/roger-howe,,,
Stanford,Engineering,KC Huang,Professor of Bioengineering and of Microbiology and Immunology,https://engineering.stanford.edu/people/kerwyn-huang,,,
Stanford,Engineering,Possu Huang,Assistant Professor of Bioengineering,https://engineering.stanford.edu/people/possu-huang,,,
Stanford,Engineering,Gianluca Iaccarino,Professor of Mechanical Engineering,https://engineering.stanford.edu/people/gianluca-iaccarino,,,
Stanford,Engineering,Matthias Ihme,"Professor of Mechanical Engineering, of Photon Science and, by courtesy, of Energy Science and Engineering",https://engineering.stanford.edu/people/matthias-ihme,,,
Stanford,Engineering,Mark Z. Jacobson,Professor of Civil and Environmental Engineering and Senior Fellow at the Woods Institute for the Environment,https://engineering.stanford.edu/people/mark-jacobson,,,
Stanford,Engineering,Rishee Jain,Associate Professor of Civil and Environmental Engineering,https://engineering.stanford.edu/people/rishee-jain,,,
Stanford,Engineering,Doug James,"Professor of Computer Science and, by courtesy, of Music",https://engineering.stanford.edu/people/doug-james,,,
Stanford,Engineering,Thomas Jaramillo,"Professor of Chemical Engineering, of Energy Science Engineering, and of Photon Science",https://engineering.stanford.edu/people/thomas-jaramillo,,,
Stanford,Engineering,Ramesh Johari,"Professor of Management Science and Engineering and, by courtesy, of Electrical Engineering",https://engineering.stanford.edu/people/ramesh-johari,,,
Stanford,Engineering,Felipe Jornada,Assistant Professor of Materials Science and Engineering,https://engineering.stanford.edu/people/felipe-jornada,,,
Stanford,Engineering,Joseph Kahn,Professor of Electrical Engineering,https://engineering.stanford.edu/people/joseph-kahn,,,
Stanford,Engineering,Arvind Karunakaran,Assistant Professor of Management Science and Engineering,https://engineering.stanford.edu/people/arvind-karunakaran,,,
Stanford,Engineering,Riitta Katila,W.M. Keck Professor and Professor of Management Science and Engineering,https://engineering.stanford.edu/people/riitta-katila,,,
Stanford,Engineering,David Kelley,Donald W. Whittier Professor of Mechanical Engineering,https://engineering.stanford.edu/people/david-kelley,,,
Stanford,Engineering,Monroe Kennedy III,"Assistant Professor of Mechanical Engineering and, by courtesy, of Computer Science",https://engineering.stanford.edu/people/monroe-kennedy,,,
Stanford,Engineering,Thomas Kenny,Senior Associate Dean for Education and Student Affairs and Richard W. Weiland Professor in the School of Engineering,https://engineering.stanford.edu/people/thomas-kenny,,,
Stanford,Engineering,Oussama Khatib,"Weichai Professor and Professor, by courtesy, of Electrical Engineering",https://engineering.stanford.edu/people/oussama-khatib,,,
Stanford,Engineering,Chaitan Khosla,"Wells H. Rauser and Harold M. Petiprin Professor and Professor of Chemistry and, by courtesy, of Biochemistry",https://engineering.stanford.edu/people/chaitan-khosla,,,
Stanford,Engineering,Anne Kiremidjian,"The C.L. Peck, Class of 1906 Professor in the School of Engineering",https://engineering.stanford.edu/people/anne-kiremidjian,,,
Stanford,Engineering,Peter K. Kitanidis,Professor of Civil and Environmental Engineering,https://engineering.stanford.edu/people/peter-kitanidis,,,
Stanford,Engineering,Fredrik Kjolstad,Assistant Professor of Computer Science,https://engineering.stanford.edu/people/fredrik-kjoelstad,,,
Stanford,Engineering,Mykel Kochenderfer,"Associate Professor of Aeronautics and Astronautics and, by courtesy, of Computer Science",https://engineering.stanford.edu/people/mykel-kochenderfer,,,
Stanford,Engineering,Jeffrey R. Koseff,"Director, Sustainability Science and Practice, William Alden Campbell and Martha Campbell Professor in the School of Engineering, Professor of Oceans and Senior Fellow at the Woods Institute for the Environment",https://engineering.stanford.edu/people/jeffrey-koseff,,,
Stanford,Engineering,Oluwasanmi Koyejo,Assistant Professor of Computer Science,https://engineering.stanford.edu/people/sanmi-koyejo,,,
Stanford,Engineering,Christoforos Kozyrakis,Professor of Electrical Engineering and of Computer Science,https://engineering.stanford.edu/people/christos-kozyrakis,,,
Stanford,Engineering,Ilan Kroo,Thomas V. Jones Professor in the School of Engineering,https://engineering.stanford.edu/people/ilan-kroo,,,
Stanford,Engineering,Ellen Kuhl,"Walter B Reinhold Professor in the School of Engineering, Robert Bosch Chair of Mechanical Engineering, Professor of Mechanical Engineering and, by courtesy, of Bioengineering",https://engineering.stanford.edu/people/ellen-kuhl,,,
Stanford,Engineering,Anshul Kundaje,Associate Professor of Genetics and of Computer Science,https://engineering.stanford.edu/people/anshul-kundaje,,,
Stanford,Engineering,Sanjay Lall,Professor of Electrical Engineering,https://engineering.stanford.edu/people/sanjay-lall,,,
Stanford,Engineering,Monica Lam,"Kleiner Perkins, Mayfield, Sequoia Capital Professor in the School of Engineering and Professor, by courtesy, of Electrical Engineering",https://engineering.stanford.edu/people/monica-lam,,,
Stanford,Engineering,James Landay,"Denning Co-Director (Acting) of Stanford HAI, Anand Rajaraman and Venky Harinarayan Professor and Senior Fellow at the Stanford Institute for HAI",https://engineering.stanford.edu/people/james-landay,,,
Stanford,Engineering,Kincho Law,Professor of Civil and Environmental Engineering,https://engineering.stanford.edu/people/kincho-law,,,
Stanford,Engineering,Jin Hyung Lee,"Associate Professor of Neurology (Neurology Research Faculty), of Neurosurgery and of Bioengineering and, by courtesy, of Electrical Engineering",https://engineering.stanford.edu/people/jin-hyung-lee,,,
Stanford,Engineering,Thomas Lee,Professor of Electrical Engineering,https://engineering.stanford.edu/people/thomas-lee,,,
Stanford,Engineering,Larry John Leifer,"Professor of Mechanical Engineering, Emeritus",https://engineering.stanford.edu/people/larry-leifer,,,
Stanford,Engineering,Sanjiva Lele,Edward C. Wells Professor of the School of Engineering and Professor of Mechanical Engineering,https://engineering.stanford.edu/people/sanjiva-lele,,,
Stanford,Engineering,Michael Lepech,Professor of Civil and Environmental Engineering and Senior Fellow at the Woods Institute for the Environment,https://engineering.stanford.edu/people/michael-lepech,,,
Stanford,Engineering,Jure Leskovec,Professor of Computer Science,https://engineering.stanford.edu/people/jure-leskovec,,,
Stanford,Engineering,Marc Levenston,"Associate Professor of Mechanical Engineering and, by courtesy, of Radiology (Radiological Sciences Laboratory)",https://engineering.stanford.edu/people/marc-levenston,,,
Stanford,Engineering,Philip Levis,Professor of Computer Science and of Electrical Engineering,https://engineering.stanford.edu/people/philip-levis,,,
Stanford,Engineering,Adrian Lew,Professor of Mechanical Engineering,https://engineering.stanford.edu/people/adrian-lew,,,
Stanford,Engineering,Fei-Fei Li,"Sequoia Capital Professor, Denning Co-Director (On Leave) of Stanford HAI, Senior Fellow at HAI and Professor, by courtesy, of Operations, Information and Technology at the Graduate School of Business",https://engineering.stanford.edu/people/fei-fei-li,,,
Stanford,Engineering,Percy Liang,"Associate Professor of Computer Science, Senior Fellow at the Stanford Institute for HAI, and Associate Professor, by courtesy, of Statistics",https://engineering.stanford.edu/people/percy-liang,,,
Stanford,Engineering,Michael Lin,"Associate Professor of Neurobiology, of Bioengineering and, by courtesy, of Chemical and Systems Biology",https://engineering.stanford.edu/people/michael-lin,,,
Stanford,Engineering,Aaron Lindenberg,Professor of Materials Science and Engineering and of Photon Science,https://engineering.stanford.edu/people/aaron-lindenberg,,,
Stanford,Engineering,Christian Linder,"Professor of Civil and Environmental Engineering and, by courtesy, of Mechanical Engineering",https://engineering.stanford.edu/people/christian-linder,,,
Stanford,Engineering,Jan Liphardt,Associate Professor of Bioengineering,https://engineering.stanford.edu/people/jan-liphardt,,,
Stanford,Engineering,C. Karen Liu,Professor of Computer Science,https://engineering.stanford.edu/people/karen-liu,,,
Stanford,Engineering,Irene Lo,Assistant Professor of Management Science and Engineering,https://engineering.stanford.edu/people/irene-lo,,,
Stanford,Engineering,Emma Lundberg,Associate Professor of Bioengineering and of Pathology,https://engineering.stanford.edu/people/emma-lundberg,,,
Stanford,Engineering,Richard Luthy,"Silas H. Palmer Professor of Civil Engineering and Professor, by courtesy, of Oceans",https://engineering.stanford.edu/people/richard-luthy,,,
Stanford,Engineering,Tengyu Ma,Assistant Professor of Computer Science,https://engineering.stanford.edu/people/tengyu-ma,,,
Stanford,Engineering,Danielle Mai,"Assistant Professor of Chemical Engineering and, by courtesy, of Materials Science and Engineering",https://engineering.stanford.edu/people/danielle-mai,,,
Stanford,Engineering,Dr. Arun Majumdar,"Dean, Stanford Doerr School of Sustainability, Jay Precourt Professor, Professor of Mech Eng, of Energy Sci & Eng, of Photon Science, Senior Fellow at Woods and by courtesy, of Materials Sci & Eng and Senior Fellow, by courtesy, at Hoover",https://engineering.stanford.edu/people/arunava-majumdar,,,
Stanford,Engineering,Ali Mani,Associate Professor of Mechanical Engineering,https://engineering.stanford.edu/people/ali-mani,,,
Stanford,Engineering,Christopher Manning,"Thomas M. Siebel Professor of Machine Learning, Professor of Linguistics, of Computer Science and Senior Fellow at the Stanford Institute for HAI",https://engineering.stanford.edu/people/christopher-manning,,,
Stanford,Engineering,Andrew J. Mannix,Assistant Professor of Materials Science and Engineering,https://engineering.stanford.edu/people/andrew-mannix,,,
Stanford,Engineering,Meagan Mauter,"Associate Professor of Photon Science, Senior Fellow at the Woods Institute for the Environment and at the Precourt Institute for Energy and Associate Professor, by courtesy, of Chemical Engineering",https://engineering.stanford.edu/people/meagan-mauter,,,
Stanford,Engineering,Michaëlle Ntala Mayalu,"Assistant Professor of Mechanical Engineering and, by courtesy, of Bioengineering",https://engineering.stanford.edu/people/michaelle-mayalu,,,
Stanford,Engineering,David Mazieres,Professor of Computer Science,https://engineering.stanford.edu/people/david-mazieres,,,
Stanford,Engineering,Paul McIntyre,"Rick and Melinda Reed Professor, Professor of Photon Science and Senior Fellow at the Precourt Institute for Energy",https://engineering.stanford.edu/people/paul-mcintyre,,,
Stanford,Engineering,Nicholas Melosh,Professor of Materials Science and Engineering,https://engineering.stanford.edu/people/nicholas-melosh,,,
Stanford,Engineering,David Miller,"W.M. Keck Foundation Professor of Electrical Engineering and Professor, by courtesy, of Applied Physics",https://engineering.stanford.edu/people/david-miller,,,
Stanford,Engineering,Eduardo Miranda,Professor of Civil and Environmental Engineering,https://engineering.stanford.edu/people/eduardo-miranda,,,
Stanford,Engineering,William Mitch,Professor of Civil and Environmental Engineering,https://engineering.stanford.edu/people/william-mitch,,,
Stanford,Engineering,John Mitchell,"Mary and Gordon Crary Family Professor in the School of Engineering, and Professor, by courtesy, of Electrical Engineering and of Education",https://engineering.stanford.edu/people/john-mitchell,,,
Stanford,Engineering,Subhasish Mitra,William E. Ayer Professor of Electrical Engineering and Professor of Computer Science,https://engineering.stanford.edu/people/subhasish-mitra,,,
Stanford,Engineering,Parviz Moin,Franklin P. and Caroline M. Johnson Professor in the School of Engineering,https://engineering.stanford.edu/people/parviz-moin,,,
Stanford,Engineering,Stephen Monismith,Obayashi Professor in the School of Engineering and Professor of Oceans,https://engineering.stanford.edu/people/stephen-monismith,,,
Stanford,Engineering,Andrea Montanari,John D. and Sigrid Banks Professor and Professor of Mathematics,https://engineering.stanford.edu/people/andrea-montanari,,,
Stanford,Engineering,Kunal Mukherjee,Assistant Professor of Materials Science and Engineering,https://engineering.stanford.edu/people/kunal-mukherjee,,,
Stanford,Engineering,Drew Nelson,"Professor of Mechanical Engineering, Emeritus",https://engineering.stanford.edu/people/drew-nelson,,,
Stanford,Engineering,Dwight Nishimura,"Addie and Al Macovski Professor, Emeritus",https://engineering.stanford.edu/people/dwight-nishimura,,,
Stanford,Engineering,Hae Young Noh,Associate Professor of Civil and Environmental Engineering,https://engineering.stanford.edu/people/haeyoung-noh,,,
Stanford,Engineering,Paul Nuyujukian,"Assistant Professor of Bioengineering and of Neurosurgery and, by courtesy, of Electrical Engineering",https://engineering.stanford.edu/people/paul-nuyujukian,,,
Stanford,Engineering,Allison Okamura,Richard W. Weiland Professor in the School of Engineering,https://engineering.stanford.edu/people/allison-okamura,,,
Stanford,Engineering,Kunle Olukotun,"Cadence Design Systems Professor, Professor of Electrical Engineering and of Computer Science",https://engineering.stanford.edu/people/oyekunle-olukotun,,,
Stanford,Engineering,Brad Osgood,"Professor of Electrical Engineering and, by courtesy, in Education",https://engineering.stanford.edu/people/brad-osgood,,,
Stanford,Engineering,Khalid Osman,"Assistant Professor of Civil and Environmental Engineering and Center Fellow, by courtesy, at the Woods Institute for the Environment",https://engineering.stanford.edu/people/khalid-osman,,,
Stanford,Engineering,Nicholas Ouellette,Professor of Civil and Environmental Engineering,https://engineering.stanford.edu/people/nicholas-ouellette,,,
Stanford,Engineering,John Ousterhout,"Leonard Bosack and Sandy K. Lerner Professor of Engineering, Professor of Computer Science and, by courtesy, of Electrical Engineering",https://engineering.stanford.edu/people/john-ousterhout,,,
Stanford,Engineering,Ayfer Ozgur,Associate Professor of Electrical Engineering,https://engineering.stanford.edu/people/ayfer-ozgur,,,
Stanford,Engineering,M Elisabeth Pate-Cornell,Burton J. and DeeDee McMurtry Professor in the School of Engineering,https://engineering.stanford.edu/people/elisabeth-pate-cornell,,,
Stanford,Engineering,John M. Pauly,Reid Weaver Dennis Professor,https://engineering.stanford.edu/people/john-pauly,,,
Stanford,Engineering,Marco Pavone,"Associate Professor of Aeronautics and Astronautics and, by courtesy, of Electrical Engineering and of Computer Science",https://engineering.stanford.edu/people/marco-pavone,,,
Stanford,Engineering,Markus Pelger,Assistant Professor of Management Science and Engineering,https://engineering.stanford.edu/people/markus-pelger,,,
Stanford,Engineering,Piero Pianetta,Professor (Research) of Photon Science and of Electrical Engineering,https://engineering.stanford.edu/people/piero-pianetta,,,
Stanford,Engineering,Christopher Piech,"Assistant Professor (Teaching) of Computer Science and, by courtesy, of Education",https://engineering.stanford.edu/people/chris-piech,,,
Stanford,Engineering,Mert Pilanci,Assistant Professor of Electrical Engineering,https://engineering.stanford.edu/people/mert-pilanci,,,
Stanford,Engineering,Jim Plummer,"John M. Fluke Professor of Electrical Engineering and Professor, by courtesy, of Materials Science and Engineering",https://engineering.stanford.edu/people/jim-plummer,,,
Stanford,Engineering,Ada Poon,Associate Professor of Electrical Engineering,https://engineering.stanford.edu/people/ada-s-y-poon,,,
Stanford,Engineering,Eric Pop,"Pease-Ye Professor, Professor of Electrical Engineering, Senior Fellow at the Precourt Institute for Energy and Professor, by courtesy, of Materials Science and Engineering and of Applied Physics",https://engineering.stanford.edu/people/eric-pop,,,
Stanford,Engineering,Balaji Prabhakar,"VMware Founders Professor of Computer Science, Professor of Electrical Engineering and, by courtesy, of Operations, Information and Technology at the Graduate School of Business",https://engineering.stanford.edu/people/balaji-prabhakar,,,
Stanford,Engineering,Manu Prakash,"Associate Professor of Bioengineering, Senior Fellow at the Woods Institute for the Environment and Associate Professor, by courtesy, of Oceans and of Biology",https://engineering.stanford.edu/people/manu-prakash,,,
Stanford,Engineering,Friedrich Prinz,"Leonardo Professor, Professor of Mechanical Engineering, of Materials Science and Engineering and Senior Fellow at the Precourt Institute for Energy",https://engineering.stanford.edu/people/friedrich-prinz,,,
Stanford,Engineering,Lei (Stanley) Qi,Associate Professor of Bioengineering,https://engineering.stanford.edu/people/stanley-qi,,,
Stanford,Engineering,Jian Qin,Assistant Professor of Chemical Engineering,https://engineering.stanford.edu/people/jian-qin,,,
Stanford,Engineering,Priyanka Raina,"Assistant Professor of Electrical Engineering and, by courtesy, of Computer Science",https://engineering.stanford.edu/people/priyanka-raina,,,
Stanford,Engineering,Ram Rajagopal,Associate Professor of Civil and Environmental Engineering and of Electrical Engineering,https://engineering.stanford.edu/people/ram-rajagopal,,,
Stanford,Engineering,Christopher Re,Associate Professor of Computer Science,https://engineering.stanford.edu/people/chris-re,,,
Stanford,Engineering,Omer Reingold,Rajeev Motwani Professor of Computer Science,https://engineering.stanford.edu/people/omer-reingold,,,
Stanford,Engineering,Juan Rivas-Davila,Associate Professor of Electrical Engineering and Senior Fellow at the Precourt Institute for Energy,https://engineering.stanford.edu/people/juan-rivas-davila,,,
Stanford,Engineering,Stephen Rock,"Professor of Aeronautics and Astronautics, Emeritus",https://engineering.stanford.edu/people/stephen-rock,,,
Stanford,Engineering,Mendel Rosenblum,Cheriton Family Professor and Professor of Electrical Engineering,https://engineering.stanford.edu/people/mendel-rosenblum,,,
Stanford,Engineering,Bernard Roth,"Professor of Mechanical Engineering, Emeritus",https://engineering.stanford.edu/people/bernard-roth,,,
Stanford,Engineering,Aviad Rubinstein,Assistant Professor of Computer Science,https://engineering.stanford.edu/people/aviad-rubinstein,,,
Stanford,Engineering,Amin Saberi,Professor of Management Science and Engineering,https://engineering.stanford.edu/people/amin-saberi,,,
Stanford,Engineering,Dorsa Sadigh,Assistant Professor of Computer Science and of Electrical Engineering,https://engineering.stanford.edu/people/dorsa-sadigh,,,
Stanford,Engineering,Mehran Sahami,"Tencent Chair of the of the Computer Science Department, James and Ellenor Chesebrough Professor and Senior Fellow, by courtesy, at the Freeman Spogli Institute for International Studies",https://engineering.stanford.edu/people/mehran-sahami,,,
Stanford,Engineering,Maria Sakovsky,Assistant Professor of Aeronautics and Astronautics,https://engineering.stanford.edu/people/maria-sakovsky,,,
Stanford,Engineering,Alberto Salleo,Hong Seh and Vivian W. M. Lim Professor,https://engineering.stanford.edu/people/alberto-salleo,,,
Stanford,Engineering,Juan G. Santiago,Charles Lee Powell Foundation Professor,https://engineering.stanford.edu/people/juan-santiago,,,
Stanford,Engineering,Krishna Saraswat,"Rickey/Nielsen Professor in the School of Engineering and Professor, by courtesy, of Materials Science and Engineering",https://engineering.stanford.edu/people/krishna-saraswat,,,
Stanford,Engineering,Mac Schwager,Associate Professor of Aeronautics and Astronautics,https://engineering.stanford.edu/people/mac-schwager,,,
Stanford,Engineering,Debbie Senesky,"Associate Professor of Aeronautics and Astronautics, of Electrical Engineering and Senior Fellow at the Precourt Institute for Energy",https://engineering.stanford.edu/people/debbie-senesky,,,
Stanford,Engineering,Ross Shachter,Associate Professor of Management Science and Engineering,https://engineering.stanford.edu/people/ross-shachter,,,
Stanford,Engineering,Eric S.G. Shaqfeh,Lester Levi Carter Professor and Professor of Mechanical Engineering,https://engineering.stanford.edu/people/eric-shaqfeh,,,
Stanford,Engineering,Sheri D. Sheppard,"Emeritus Faculty, Acad Council",https://engineering.stanford.edu/people/sheri-sheppard,,,
Stanford,Engineering,Aaron Sidford,Associate Professor of Management Science and Engineering and of Computer Science,https://engineering.stanford.edu/people/aaron-sidford,,,
Stanford,Engineering,Barbara G Simpson,Assistant Professor of Civil and Environmental Engineering,https://engineering.stanford.edu/people/barbara-simpson,,,
Stanford,Engineering,Bob Sinclair,Charles M. Pigott Professor in the School of Engineering,https://engineering.stanford.edu/people/robert-sinclair,,,
Stanford,Engineering,Mark A. Skylar-Scott,Assistant Professor of Bioengineering,https://engineering.stanford.edu/people/mark-skylar-scott,,,
Stanford,Engineering,Hyongsok Tom  Soh,"Professor of Radiology (Early Detection), of Electrical Engineering, of Bioengineering and, by courtesy, of Chemical Engineering",https://engineering.stanford.edu/people/h-tom-soh,,,
Stanford,Engineering,Olav Solgaard,"Director, Edward L. Ginzton Laboratory and Robert L. and Audrey S. Hancock Professor in the School of Engineering",https://engineering.stanford.edu/people/olav-solgaard,,,
Stanford,Engineering,Andrew Spakowitz,"Tang Family Foundation Chair of the Department of Chemical Engineering, Professor of Chemical Engineering and of Materials Science and Engineering",https://engineering.stanford.edu/people/andrew-spakowitz,,,
Stanford,Engineering,Alfred M. Spormann,"Professor of Civil and Environmental Engineering and of Chemical Engineering, Emeritus",https://engineering.stanford.edu/people/alfred-spormann,,,
Stanford,Engineering,Robert Sutton,"Professor of Management Science & Engineering, Emeritus",https://engineering.stanford.edu/people/robert-sutton,,,
Stanford,Engineering,James Swartz,James H. Clark Professor in the School of Engineering and Professor of Chemical Engineering and of Bioengineering,https://engineering.stanford.edu/people/james-swartz,,,
Stanford,Engineering,James Sweeney,"Professor of Management Science & Engineering, Senior Fellow at the Stanford Institute for Economic Policy Research, at the Precourt Institute for Energy and, by courtesy, at the Hoover Institution",https://engineering.stanford.edu/people/james-sweeney,,,
Stanford,Engineering,Vasilis Syrgkanis,"Assistant Professor of Management Science and Engineering and, by courtesy, of Computer Science and Electrical Engineering",https://engineering.stanford.edu/people/vasilis-syrgkanis,,,
Stanford,Engineering,Li-Yang Tan,Assistant Professor of Computer Science,https://engineering.stanford.edu/people/li-yang-tan,,,
Stanford,Engineering,Sindy Tang,"Associate Professor of Mechanical Engineering, Senior Fellow at the Woods Institute for the Environment and Professor, by courtesy, of Radiology and of Bioengineering",https://engineering.stanford.edu/people/sindy-tang,,,
Stanford,Engineering,William Abraham Tarpeh,"Assistant Professor of Chemical Engineering, by courtesy, of Civil and Environmental Engineering and Center Fellow, by courtesy, at the Woods Institute for the Environment",https://engineering.stanford.edu/people/william-tarpeh,,,
Stanford,Engineering,Hawa Racine Thiam,Assistant Professor of Bioengineering and of Microbiology and Immunology,https://engineering.stanford.edu/people/hawa-racine-thiam,,,
Stanford,Engineering,Fouad Tobagi,Professor of Electrical Engineering,https://engineering.stanford.edu/people/fouad-tobagi,,,
Stanford,Engineering,Caroline Trippel,Assistant Professor of Computer Science and of Electrical Engineering,https://engineering.stanford.edu/people/caroline-trippel,,,
Stanford,Engineering,David Tse,Thomas Kailath and Guanghan Xu Professor of Engineering,https://engineering.stanford.edu/people/david-tse,,,
Stanford,Engineering,Edison Tse,"Associate Professor of Management Science and Engineering, Emeritus",https://engineering.stanford.edu/people/edison-tse,,,
Stanford,Engineering,Madeleine Udell,"Assistant Professor of Management Science and Engineering and, by courtesy, of Electrical Engineering",https://engineering.stanford.edu/people/madeleine-udell,,,
Stanford,Engineering,Johan Ugander,Associate Professor of Management Science and Engineering,https://engineering.stanford.edu/people/johan-ugander,,,
Stanford,Engineering,Melissa Valentine,Associate Professor of Management Science and Engineering,https://engineering.stanford.edu/people/melissa-valentine,,,
Stanford,Engineering,Gregory Valiant,Associate Professor of Computer Science,https://engineering.stanford.edu/people/gregory-valiant,,,
Stanford,Engineering,Benjamin Van Roy,"Professor of Electrical Engineering, of Management Science and Engineering",https://engineering.stanford.edu/people/benjamin-van-roy,,,
Stanford,Engineering,Ellen Vitercik,Assistant Professor of Management Sciences and Engineering and of Computer Science,https://engineering.stanford.edu/people/ellen-vitercik,,,
Stanford,Engineering,Jelena Vuckovic,"Jensen Huang Professor of Global Leadership, Professor of Electrical Engineering and, by courtesy, of Applied Physics",https://engineering.stanford.edu/people/jelena-vuckovic,,,
Stanford,Engineering,Todd Walter,Professor (Research) of Aeronautics and Astronautics,https://engineering.stanford.edu/people/todd-walter,,,
Stanford,Engineering,Bo Wang,"Assistant Professor of Bioengineering and, by courtesy, Developmental Biology",https://engineering.stanford.edu/people/bo-wang,,,
Stanford,Engineering,Hai Wang,Professor of Mechanical Engineering,https://engineering.stanford.edu/people/hai-wang,,,
Stanford,Engineering,Shan X. Wang,"Leland T. Edwards Professor in the School of Engineering and Professor of Electrical Engineering and, by courtesy, of Radiology (Molecular Imaging Program at Stanford)",https://engineering.stanford.edu/people/shan-wang,,,
Stanford,Engineering,Itschak Weissman,Professor of Electrical Engineering,https://engineering.stanford.edu/people/tsachy-weissman,,,
Stanford,Engineering,Gordon Wetzstein,"Associate Professor of Electrical Engineering and, by courtesy, of Computer Science",https://engineering.stanford.edu/people/gordon-wetzstein,,,
Stanford,Engineering,John Weyant,Professor (Research) of Management Science and Engineering and of Energy Science Engineering,https://engineering.stanford.edu/people/john-weyant,,,
Stanford,Engineering,Keith Winstein,"Associate Professor of Computer Science and, by courtesy, of Electrical Engineering",https://engineering.stanford.edu/people/keith-winstein,,,
Stanford,Engineering,H.-S. Philip Wong,Willard R. and Inez Kerr Bell Professor in the School of Engineering,https://engineering.stanford.edu/people/hsphilip-wong,,,
Stanford,Engineering,S Simon Wong,"Professor of Electrical Engineering, Emeritus",https://engineering.stanford.edu/people/s-wong,,,
Stanford,Engineering,Mary Wootters,Associate Professor of Computer Science and of Electrical Engineering,https://engineering.stanford.edu/people/mary-wootters,,,
Stanford,Engineering,Jiajun Wu,"Assistant Professor of Computer Science and, by courtesy, of Psychology",https://engineering.stanford.edu/people/jiajun-wu,,,
Stanford,Engineering,Daniel Yamins,Assistant Professor of Psychology and of Computer Science,https://engineering.stanford.edu/people/dan-yamins,,,
Stanford,Engineering,Diyi Yang,Assistant Professor of Computer Science,https://engineering.stanford.edu/people/diyi-yang,,,
Stanford,Engineering,Yinyu Ye,"Kwoh-Ting Li Professor in the School of Engineering and Professor, by courtesy, of Electrical Engineering",https://engineering.stanford.edu/people/yinyu-ye,,,
Stanford,Engineering,"Paul Yock, MD","Emeritus Faculty, Acad Council",https://engineering.stanford.edu/people/paul-yock,,,
Stanford,Engineering,Howard Zebker,Professor of Electrical Engineering and of Geophysics,https://engineering.stanford.edu/people/howard-zebker,,,
Stanford,Engineering,Renee Zhao,"Assistant Professor of Mechanical Engineering and, by courtesy, of Materials Science and Engineering",https://engineering.stanford.edu/people/renee-zhao,,,
Stanford,Engineering,Xiaolin Zheng,"Professor of Mechanical Engineering, of Energy Science Engineering and, by courtesy, of Materials Science and Engineering",https://engineering.stanford.edu/people/xiaolin-zheng,,,
